Date Added,Company,Role,URL,Location,Date Posted,Department
2026-05-12,A24,"Senior Manager, Paid Media & Creative Marketing ",https://job-boards.greenhouse.io/a24/jobs/7913662,Los Angeles,2026-05-11,—
2026-05-12,Crunchyroll,"GTM & Partner Marketing, Interactive Experiences, Senior Manager",https://boards.greenhouse.io/crunchyroll/jobs/7376786?gh_jid=7376786,"Los Angeles, California, United States",2026-04-28,—
2026-05-12,Crunchyroll,"Principal Product Manager, Search & Content Understanding",https://boards.greenhouse.io/crunchyroll/jobs/7376872?gh_jid=7376872,"Dallas, Texas, United States",2026-04-28,—
2026-05-12,Crunchyroll,"Principal Product Manager, Search & Content Understanding",https://boards.greenhouse.io/crunchyroll/jobs/7376869?gh_jid=7376869,"Los Angeles, California, United States",2026-04-28,—
2026-05-12,Spotify,"Global Associate Director, Experiential & Content Production",https://jobs.lever.co/spotify/5fce53f3-83dd-4b6a-9058-a2c295560966,"New York, NY",—,PR & Communications
2026-05-12,Spotify,"Manager, Ads Partner Strategy",https://jobs.lever.co/spotify/aa4220b2-b5fd-4db6-9ef6-2b34fde9f6ef,"New York, NY",—,Business Development
2026-05-12,NBCUniversal,"Manager, Partner Marketing",https://careers.smartrecruiters.com/NBCUniversal3/744000123798039,"New York, NEW YORK, us",2026-04-29,—
2026-05-12,NBCUniversal,Manager Entertainment Technical Audio/Video,https://careers.smartrecruiters.com/NBCUniversal3/744000122135047,"Universal City, CALIFORNIA, us",2026-04-21,—
2026-05-12,NBCUniversal,"Manager, Commerce Partnerships (New Business)",https://careers.smartrecruiters.com/NBCUniversal3/744000123468390,"New York, NEW YORK, us",2026-04-28,—
2026-05-12,NBCUniversal,"Director, Enterprise Partnerships & Operations",https://careers.smartrecruiters.com/NBCUniversal3/744000123309471,"New York, NEW YORK, us",2026-04-27,—
2026-05-12,NBCUniversal,"Manager, Commerce Partnerships (Events & Growth)",https://careers.smartrecruiters.com/NBCUniversal3/744000123303794,"New York, NEW YORK, us",2026-04-27,—
2026-05-12,NBCUniversal," Manager, Commerce Partnerships (Strategic Partnerships)",https://careers.smartrecruiters.com/NBCUniversal3/744000122759860,"New York, NEW YORK, us",2026-04-24,—
2026-05-12,NBCUniversal,"Director, Strategic Analytics & Content Optimization",https://careers.smartrecruiters.com/NBCUniversal3/744000118958525,"New York, NEW YORK, us",2026-04-06,—
2026-05-12,NBCUniversal,"Sr. Manager, Content Strategy",https://careers.smartrecruiters.com/NBCUniversal3/744000110046555,"Universal City, CA, us",2026-02-18,—
2026-05-12,NBCUniversal,"VP, Media Security",https://careers.smartrecruiters.com/NBCUniversal3/744000108932485,"New York, NEW YORK, us",2026-02-12,—
2026-05-12,NBCUniversal,"Director, Content Insights & Analytics",https://careers.smartrecruiters.com/NBCUniversal3/744000124141004,"Universal City, CALIFORNIA, us",2026-05-01,—
2026-05-12,NBCUniversal,"SVP, Content & Development",https://careers.smartrecruiters.com/NBCUniversal3/744000124011505,"Miami, Florida, us",2026-04-30,—
2026-05-12,NBCUniversal,"Manager, Category Management - Food, Beauty & Care (Licensing)",https://careers.smartrecruiters.com/NBCUniversal3/744000122764939,"Universal City, CALIFORNIA, us",2026-04-24,—
2026-05-12,NBCUniversal,"Manager, Category Management (Fashion & Living - Licensing)",https://careers.smartrecruiters.com/NBCUniversal3/744000116277172,"Universal City, CALIFORNIA, us",2026-03-23,—
2026-05-12,BritBox,"Senior Manager, Social Media",https://jointheteam.britboxinternational.com/jobs/7548758-senior-manager-social-media,—,—,—
2026-05-12,Apple,"Program Manager, Distribution Center Operations",https://jobs.apple.com/en-us/details/200652457-3956/program-manager-distribution-center-operations?team=OPMFG,—,—,—
2026-05-12,Apple,"Manager, Logistics Programs - Distribution Center Operations",https://jobs.apple.com/en-us/details/200647328-3956/manager-logistics-programs-distribution-center-operations?team=OPMFG,—,—,—
2026-05-12,Apple,Finished Goods Distribution Centre - China Central Team Manager,https://jobs.apple.com/en-us/details/200650945-3715/finished-goods-distribution-centre-china-central-team-manager?team=OPMFG,—,—,—
2026-05-12,Apple,Finished Goods Distribution Centre - China Central Team Manager,https://jobs.apple.com/en-us/details/200653826-3715/finished-goods-distribution-centre-china-central-team-manager?team=OPMFG,—,—,—
2026-05-12,Apple,Partnerships Marketing Lead,https://jobs.apple.com/en-us/details/200658216-0670/partnerships-marketing-lead?team=MKTG,—,—,—
2026-05-12,Apple,"Retail Agentic Commerce, Go-to-Market and Partnerships Lead",https://jobs.apple.com/en-us/details/200656408-0157/retail-agentic-commerce-go-to-market-and-partnerships-lead?team=CORSV,—,—,—
2026-05-12,Apple,"Strategic Partnerships Lead, Corporate Development",https://jobs.apple.com/en-us/details/200646043-0836/strategic-partnerships-lead-corporate-development?team=MLAI,—,—,—
2026-05-12,Apple,"Business and Partnership Lead, Apple Music",https://jobs.apple.com/en-us/details/200627316-6482/business-and-partnership-lead-apple-music?team=MKTG,—,—,—
2026-05-12,Apple,"WW Business Ecosystem Lead, Industries and Partnerships",https://jobs.apple.com/en-us/details/200625732-0836/ww-business-ecosystem-lead-industries-and-partnerships?team=SLDEV,—,—,—
2026-05-12,Apple,"Strategic Partnerships Manager, APAC - Apple Vision Pro",https://jobs.apple.com/en-us/details/200654006-3715/strategic-partnerships-manager-apac-apple-vision-pro?team=SFTWR,—,—,—
2026-05-12,Apple,Carrier Account Lead - Carrier Partnership & Growth,https://jobs.apple.com/en-us/details/200660137-6482/carrier-account-lead-carrier-partnership-growth?team=SLDEV,—,—,—
2026-05-12,Apple,"Network Business Development & Partnership Manager  - Wallet, Payments, and Commerce",https://jobs.apple.com/en-us/details/200649155-0836/network-business-development-partnership-manager-wallet-payments-and-commerce?team=MKTG,—,—,—
2026-05-12,Apple,"AIML - Sr Engineering Program Manager, Search Quality and Partnerships",https://jobs.apple.com/en-us/details/200628097-3337/aiml-sr-engineering-program-manager-search-quality-and-partnerships?team=MLAI,—,—,—
2026-05-12,Apple,Head of US Carrier Partnerships and Global Services Business Development,https://jobs.apple.com/en-us/details/200642667-0836/head-of-us-carrier-partnerships-and-global-services-business-development?team=SLDEV,—,—,—
2026-05-12,Apple,Services Partner Operations Program Manager,https://jobs.apple.com/en-us/details/200657598-0157/services-partner-operations-program-manager?team=CUST,—,—,—
2026-05-12,Apple,Content Strategy & Planning Lead,https://jobs.apple.com/en-us/details/200650199-0670/content-strategy-planning-lead?team=CORSV,—,—,—
2026-05-12,Apple,"Design Manager, Content - Health",https://jobs.apple.com/en-us/details/200602518-0836/design-manager-content-health?team=DESGN,—,—,—
2026-05-12,Apple,Social Content Lead,https://jobs.apple.com/en-us/details/200645081-0670/social-content-lead?team=MKTG,—,—,—
2026-05-12,Apple,"Art Director, Games Content",https://jobs.apple.com/en-us/details/200624527-0836/art-director-games-content?team=MKTG,—,—,—
2026-05-12,Apple,"Engineering Manager, User & Content Intelligence",https://jobs.apple.com/en-us/details/200651907-3337/engineering-manager-user-content-intelligence?team=MLAI,—,—,—
2026-05-12,Apple,"Sports Creative Lead, Content Design, Apple TV",https://jobs.apple.com/en-us/details/200642045-0670/sports-creative-lead-content-design-apple-tv?team=DESGN,—,—,—
2026-05-13,Versant,"VP, Rotten Tomatoes (Content & Platform)",https://careers.smartrecruiters.com/Versant3/744000119617273,"Universal City, CALIFORNIA, us",2026-04-09,—
2026-05-13,Versant,"Director, Content Strategy",https://careers.smartrecruiters.com/Versant3/744000118935010,"New York, NEW YORK, us",2026-04-06,—
2026-05-13,Versant,"Senior Manager, Human Resources (MS NOW - news/media industry)",https://careers.smartrecruiters.com/Versant3/744000118485332,"New York, NY, us",2026-04-02,—
2026-05-13,Versant,"Manager, Content Accounting - TV Networks",https://careers.smartrecruiters.com/Versant3/744000123544300,"Englewood Cliffs, NEW JERSEY, us",2026-04-28,—
2026-05-13,Roku,"Director, Head of Industry, Media and Entertainment",https://www.weareroku.com/jobs/director-head-of-industry-media-and-entertainment-santa-monica-california-united-states,Santa Monica,—,—
2026-05-13,Roku,"Director, Commerce and Performance Partnerships",https://www.weareroku.com/jobs/director-commerce-and-performance-partnerships-new-york-united-states,New York,—,—
2026-05-13,Roku,Ad Sales & Partnerships Manager,https://www.weareroku.com/jobs/ad-sales-partnerships-manager-new-york-united-states,New York,—,—
2026-05-13,Roku,"Director, Commerce and Performance Partnerships",https://www.weareroku.com/jobs/director-commerce-and-performance-partnerships-santa-monica-california-united-states,Santa Monica,—,—
2026-05-13,Roku,"Director, Commerce and Performance Partnerships",https://www.weareroku.com/jobs/director-commerce-and-performance-partnerships-chicago-illinois-united-states,Chicago,—,—
2026-05-13,Roku,"Director, Commerce and Performance Partnerships",https://www.weareroku.com/jobs/director-commerce-and-performance-partnerships-austin-texas-united-states,Austin,—,—
2026-05-13,Roku,Senior Product Partner Manager,https://www.weareroku.com/jobs/senior-product-partner-manager-austin-texas-united-states,Austin,—,—
2026-05-13,Paramount,"Executive Director, Theatrical Distribution Sales",https://careers.paramount.com/job/Los-Angeles-Executive-Director%2C-Theatrical-Distribution-Sales-CA-90038/1373807100/,"Theatrical Distribution Sales Job Function Sales Location Los Angeles, CA, US","May 13, 2026",—
2026-05-14,Versant,"Manager - DTC Partner Operations, MS NOW",https://careers.smartrecruiters.com/Versant3/744000126362982,"New York, NY, us",2026-05-13,—
2026-05-14,Versant,"Director - DTC Partner Operations, MS NOW",https://careers.smartrecruiters.com/Versant3/744000126360945,"New York, NEW YORK, us",2026-05-13,—
2026-05-14,Paramount,Media Manager,https://careers.paramount.com/job/New-York-Media-Manager-NY-10036/1382820200/,"Title Media Manager Job Function Other Location New York, NY, US","May 14, 2026",—
2026-05-14,Paramount,"Associate Product Manager, Content Discovery",https://careers.paramount.com/job/New-York-Associate-Product-Manager%2C-Content-Discovery-NY-10036/1390724500/,"Content Discovery Job Function Other Location New York, NY, US","May 13, 2026",—
2026-05-15,NBCUniversal,"Sr. Manager, Content Strategy",https://careers.smartrecruiters.com/NBCUniversal3/744000126559946,"Universal City, CA, us",2026-05-14,—
2026-05-17,Roku,Ad Partner Solutions Manager,https://www.weareroku.com/jobs/ad-partner-solutions-manager-new-york-united-states-c2889b69-a620-4ba2-a6f8-c2dc46fdaab6,New York,—,—
2026-05-17,Roku,"Ad Product Marketing Manager, Commerce Media",https://www.weareroku.com/jobs/ad-product-marketing-manager-commerce-media-new-york-united-states,New York,—,—
2026-05-18,Apple,"Creative Content Lead, Today at Apple Digital",https://jobs.apple.com/en-us/details/200663758-0670/creative-content-lead-today-at-apple-digital?team=CORSV,—,—,—
2026-05-19,Apple,Partner Content Manager,https://jobs.apple.com/en-us/details/200663751-0670/partner-content-manager?team=SFTWR,—,—,—
2026-05-20,NBCUniversal,"Sr. Manager, Content Strategy",https://careers.smartrecruiters.com/NBCUniversal3/744000127296704,"New York, NY, us",2026-05-19,—
2026-05-20,Paramount,"Senior Manager, Distribution Operations",https://careers.paramount.com/job/New-York-Senior-Manager%2C-Distribution-Operations-NY-10036/1392554800/,"Distribution Operations Job Function General Business Location New York, NY, US","May 20, 2026",—
2026-05-21,Versant,"Manager, DTC Partnerships, CNBC",https://careers.smartrecruiters.com/Versant3/744000127683669,"Englewood Cliffs, NEW JERSEY, us",2026-05-21,—
2026-05-21,Versant,"Senior Manager, Strategic Partnerships, CNBC",https://careers.smartrecruiters.com/Versant3/744000127683120,"Englewood Cliffs, NEW JERSEY, us",2026-05-21,—
2026-05-22,Paramount,"Senior Director, Brand and Content Marketing",https://careers.paramount.com/job/London-Senior-Director%2C-Brand-and-Content-Marketing-NW1-8TT/1367475300/,—,"May 22, 2026",—
2026-05-22,Paramount,"Senior Director, Technical Product Management, Content Engineering and Intelligence",https://careers.paramount.com/job/New-York-Senior-Director%2C-Technical-Product-Management%2C-Content-Engineering-and-Intelligence-NY-10036/1385174400/,"Content Engineering and Intelligence Job Function Technology Location New York, NY, US","May 22, 2026",—
2026-05-22,Paramount,"Social Media Manager, The Free Press",https://careers.paramount.com/job/New-York-Social-Media-Manager%2C-The-Free-Press-NY-10036/1385136100/,"The Free Press Job Function Production Location New York, NY, US","May 22, 2026",—
2026-05-22,Apple,Distribution Inventory Operation Lead,https://jobs.apple.com/en-us/details/200664451-0670/distribution-inventory-operation-lead?team=MKTG,—,—,—
2026-05-22,Apple,Business Development & Partnership Manager (Fintech),https://jobs.apple.com/en-us/details/200664797-0836/business-development-partnership-manager-fintech?team=SFTWR,—,—,—
2026-05-22,Apple,Business Development & Partnership Manager (Merchant),https://jobs.apple.com/en-us/details/200664793-0836/business-development-partnership-manager-merchant?team=SFTWR,—,—,—
2026-05-23,NBCUniversal,"Manager/Sr. Manager, Content Strategy",https://careers.smartrecruiters.com/NBCUniversal3/744000127968589,"New York, NY, us",2026-05-22,—
2026-05-23,NBCUniversal,"Manager/Sr. Manager, Content Strategy",https://careers.smartrecruiters.com/NBCUniversal3/744000127968395,"Universal City, CA, us",2026-05-22,—
2026-05-23,Versant,"Manager, DTC Partnerships, CNBC",https://careers.smartrecruiters.com/Versant3/744000127966789,"Englewood Cliffs, NEW JERSEY, us",2026-05-22,—
2026-05-23,Versant,"Senior Manager, Strategic Partnerships, CNBC",https://careers.smartrecruiters.com/Versant3/744000127966579,"Englewood Cliffs, NEW JERSEY, us",2026-05-22,—
2026-05-26,Versant,"Manager, Sports Media Operations",https://careers.smartrecruiters.com/Versant3/744000128511689,"Englewood Cliffs, NEW JERSEY, us",2026-05-26,—
2026-05-26,Paramount,Senior Licensing Category Manager - France,https://careers.paramount.com/job/Paris-Senior-Licensing-Category-Manager-France-Pari-92200/1393802400/,—,"May 26, 2026",—
2026-05-27,Versant,"Manager, Studio & Affiliate Partnerships",https://careers.smartrecruiters.com/Versant3/744000128747295,"Universal City, CALIFORNIA, us",2026-05-27,—
2026-05-27,Versant,"Manager, Strategic Partnerships",https://careers.smartrecruiters.com/Versant3/744000128747299,"Universal City, CALIFORNIA, us",2026-05-27,—
2026-05-28,Paramount,"Manager, Content Acquisitions (Movies & Series)",https://careers.paramount.com/job/New-York-Manager%2C-Content-Acquisitions-%28Movies-&-Series%29-NY-10036/1394463700/,"Job Function Programming Location New York, NY, US","May 27, 2026",—
2026-05-28,Paramount,"Director, Content Acquisitions (Movies & Series)",https://careers.paramount.com/job/New-York-Director%2C-Content-Acquisitions-%28Movies-&-Series%29-NY-10036/1394464900/,"Job Function Programming Location New York, NY, US","May 27, 2026",—
2026-05-28,Paramount,"Manager, Social Media, Paramount Streaming",https://careers.paramount.com/job/New-York-Manager%2C-Social-Media%2C-Paramount-Streaming-NY-10036/1394440800/,"Paramount Streaming Job Function Marketing Location New York, NY, US","May 27, 2026",—
2026-05-29,NBCUniversal,"Manager, Enterprise Partnerships & Operations",https://careers.smartrecruiters.com/NBCUniversal3/744000129043244,"New York, NEW YORK, us",2026-05-28,—
2026-05-29,Paramount,"Media Budget Operations Manager, Paramount",https://careers.paramount.com/job/New-York-Media-Budget-Operations-Manager%2C-Paramount-NY-10036/1361114400/,"Accounting Location New York, NY, US","May 29, 2026",—
2026-05-29,Paramount,"Manager, Global Toys - Hardlines Licensing",https://careers.paramount.com/job/Los-Angeles-Manager%2C-Global-Toys-Hardlines-Licensing-CA-90038/1394928800/,"Global Toys - Hardlines Licensing Job Function Consumer Products Location Los Angeles, CA, US","May 28, 2026",—
2026-05-29,Apple,"Program Manager, Distribution Center Operations",https://jobs.apple.com/en-us/details/200664549-3956/program-manager-distribution-center-operations?team=OPMFG,—,—,—
2026-05-29,Apple,"Content Strategy & Planning, Contribution Value Model Lead Analyst",https://jobs.apple.com/en-us/details/200650200-0670/content-strategy-planning-contribution-value-model-lead-analyst?team=CORSV,—,—,—
2026-05-30,Versant,Studio & Affiliate Partnerships Manager (Fandango/Rotten Tomatoes),https://careers.smartrecruiters.com/Versant3/744000129261829,"Universal City, CALIFORNIA, us",2026-05-29,—
2026-05-30,Versant,Strategic and AI Partnerships Manager (Fandango/Rotten Tomatoes/GolfNow),https://careers.smartrecruiters.com/Versant3/744000129261010,"Universal City, CALIFORNIA, us",2026-05-29,—
2026-06-01,NBCUniversal,"Manager, Enterprise Partnerships & Operations",https://careers.smartrecruiters.com/NBCUniversal3/744000129501834,"New York, NEW YORK, us",2026-06-01,—
2026-06-01,Roku,"Sr. Manager, Customer Acquisition (Paid Media)",https://www.weareroku.com/jobs/sr-manager-customer-acquisition-paid-media-new-york-united-states,New York,—,—
2026-06-02,NBCUniversal,Media Traffic Technology Manager (Transmission) ,https://careers.smartrecruiters.com/NBCUniversal3/744000129800879,"New York, NEW YORK, us",2026-06-02,—
2026-06-02,Versant,"Senior Manager - DTC Partner Operations, MS NOW",https://careers.smartrecruiters.com/Versant3/744000129752569,"New York, NY, us",2026-06-02,—
2026-06-02,Apple,"AI Operations Lead, Original Content Operations",https://jobs.apple.com/en-us/details/200645529-0836/ai-operations-lead-original-content-operations?team=SFTWR,—,—,—
2026-06-03,Versant,"Director, Sports Media Operations",https://careers.smartrecruiters.com/Versant3/744000130064269,"Englewood Cliffs, NEW JERSEY, us",2026-06-03,—
2026-06-03,Apple,Live Stream Content Delivery Manager,https://jobs.apple.com/en-us/details/200665806-3715/live-stream-content-delivery-manager?team=CORSV,—,—,—
2026-06-05,Versant,"Director, Event Sales & Partnerships - CNBC",https://careers.smartrecruiters.com/Versant3/744000130282239,"New York, NEW YORK, us",2026-06-04,—
2026-06-05,Paramount,"Senior Programming Manager, Content Merchandising - Pluto TV",https://careers.paramount.com/job/Burbank-Senior-Programming-Manager%2C-Content-Merchandising-Pluto-TV-CA-91502/1389156000/,"Content Merchandising - Pluto TV Job Function Programming Location Burbank, CA, US","Jun 5, 2026",—
2026-06-07,Paramount,"Vice President, Media Sales - CBS Media Ventures",https://careers.paramount.com/job/New-York-Vice-President%2C-Media-Sales-CBS-Media-Ventures-NY-10036/1397298700/,"Media Sales - CBS Media Ventures Job Function Sales Location New York, NY, US","Jun 5, 2026",—
